tag,shared,lambda_mmd,auroc_knu_h1,auroc_mimic_h1,auroc_knu_h2,auroc_mimic_h2,auroc_knu_h3,auroc_mimic_h3,domain_auroc,mean_s_knu,mean_s_mimic,logor_h1,gap_h1,slope_knu_h1,slope_mimic_h1,logor_h2,gap_h2,slope_knu_h2,slope_mimic_h2,logor_h3,gap_h3,slope_knu_h3,slope_mimic_h3,cuts
cv_f0_s42,False,0.8,0.8465576690516896,0.8232152596834588,0.7793656221706987,0.795088066195189,0.744330246972431,0.7818053538917193,0.47316006549492917,-0.23516446,-0.2575029,1.1774490588620774,0.28760122311164804,2.7576216816656753,2.364923224959907,1.191171306965563,0.5059562734839045,2.293133092802044,2.2331387965822183,1.2720144973964345,0.651164394639634,2.0141256478744087,2.2042594217752285,"{'knu': [0.07699999958276749, -0.04100000113248825, -0.0989999994635582], 'mimic': [0.019999999552965164, -0.10300000011920929, -0.18400000035762787]}"
cv_f0_s43,False,0.8,0.8427348782525084,0.825643395459907,0.7761826535284573,0.7969613050800165,0.7432039679263279,0.7847457297818281,0.47374680499069066,-0.22647475,-0.2637358,1.1412016393839208,0.32560312253356016,2.5769377873012265,2.282442809378357,1.1789064804002498,0.5246135756024988,2.1910245149443766,2.1372784139338057,1.2703462548433153,0.6590984661765101,1.9744416770596702,2.111849472941396,"{'knu': [0.07500000298023224, -0.04500000178813934, -0.10400000214576721], 'mimic': [0.02199999988079071, -0.10000000149011612, -0.1809999942779541]}"
cv_f0_s44,False,0.8,0.8459613284852237,0.8316667638593975,0.7801725812528544,0.7962178131305909,0.7473333071546482,0.780420886637023,0.5026887225906788,-0.24747972,-0.21505491,0.9872462328879558,0.2276289818485383,2.5400497579186174,2.1824198371258756,1.0500571244843906,0.43512389167486987,2.184788558730941,2.0300908170609953,1.1405282786848994,0.5827465897942117,1.9734717016153354,2.0047404307640924,"{'knu': [0.06199999898672104, -0.057999998331069946, -0.11599999666213989], 'mimic': [0.004000000189989805, -0.11800000071525574, -0.1979999989271164]}"
sc_f0_s42,True,0.8,0.843163177717974,0.8234848347486717,0.7782859563250215,0.7957847614744822,0.7465559229171851,0.7825017124611717,0.5073742287416685,-0.27430356,-0.24663213,0.9876691615347554,0.22674498714719282,2.6273975232740705,2.2644732472097737,1.046253969388057,0.4367750867539017,2.2191148158662144,2.0915431968552913,1.1417684153059726,0.5858287090530594,1.9777198355169143,2.038601289279665,"{'knu': [0.07500000298023224, -0.04899999871850014, -0.11500000208616257], 'mimic': [0.07500000298023224, -0.04899999871850014, -0.11500000208616257]}"
sc_f0_s43,True,0.8,0.8423407063021013,0.8229003062306094,0.7748217753727509,0.7935413822399309,0.74258542906429,0.783028484653458,0.4966241844688668,-0.2972383,-0.28493303,1.0596918872330687,0.1669910624835914,2.757488941248361,2.2081717390271933,1.0907033517460052,0.40937722191771464,2.300333772605182,2.0531048959162606,1.1766529999926587,0.5717820429068047,2.049772076319919,2.0325397362963886,"{'knu': [0.07199999690055847, -0.05000000074505806, -0.11400000005960464], 'mimic': [0.07199999690055847, -0.05000000074505806, -0.11400000005960464]}"
sc_f0_s44,True,0.8,0.8397119372990489,0.8258881251228182,0.7750864872939763,0.794307936802834,0.7433714975771276,0.7814304479111098,0.5296096501951096,-0.28092366,-0.22969677,0.8554334540747031,0.31403530515295774,2.5576924393555385,2.5069354661639434,0.9541279401186098,0.4487929641364575,2.1885102676680557,2.234588130551967,1.0584518754294845,0.5620583462826009,1.9776299440738787,2.151093623206521,"{'knu': [0.054999999701976776, -0.0689999982714653, -0.1340000033378601], 'mimic': [0.054999999701976776, -0.0689999982714653, -0.1340000033378601]}"
nm_f0_s42,False,0.0,0.8399562434685096,0.8260963952604577,0.7741025831307602,0.792720382393312,0.7412865028479704,0.7791545294109836,0.41943625508080584,-0.30131364,-0.44701844,1.4633915124800787,0.4220348386284094,2.702576811616624,2.3483222013927803,1.4520788658648067,0.6327473004290312,2.2301955568655383,2.140778371159272,1.5180404867860466,0.7764990040065761,1.975581231304605,2.089166549463857,"{'knu': [0.03099999949336052, -0.08699999749660492, -0.14399999380111694], 'mimic': [-0.15800000727176666, -0.2770000100135803, -0.3540000021457672]}"
nm_f0_s43,False,0.0,0.8439204657497889,0.8230581994973093,0.7758039338561162,0.7934521970700906,0.7429566009271515,0.7817049640285523,0.45877722604395726,-0.23019047,-0.28667,1.2996951133566372,0.27149060335307573,2.761877318230433,2.2265591540428042,1.2820600177652826,0.5332925158771864,2.2375213501063893,2.0732013166829013,1.3498070986243549,0.6996328960391076,1.9569224041152404,2.0493379612265823,"{'knu': [0.05999999865889549, -0.05999999865889549, -0.11900000274181366], 'mimic': [0.032999999821186066, -0.09000000357627869, -0.17100000381469727]}"
nm_f0_s44,False,0.0,0.8401557816694345,0.826733162829514,0.7749425337049922,0.7929064889261214,0.7437333581167809,0.7771181504482079,0.4791891920994652,-0.2954044,-0.31307715,1.1347589494219035,0.28777351013950314,2.59777427601869,2.234654741386901,1.1701024476364714,0.502889578315189,2.180386258040766,2.054335932175152,1.2548258048245817,0.6469958087278299,1.9550693153303205,1.9948698217829095,"{'knu': [0.052000001072883606, -0.0689999982714653, -0.12700000405311584], 'mimic': [-0.02199999988079071, -0.14399999380111694, -0.22499999403953552]}"
sn_f0_s42,True,0.0,0.8442271551839712,0.8263220130754442,0.7785920631439887,0.7976881569159201,0.7460544734388066,0.7850408217939095,0.5205741491716577,-0.3914497,-0.32735968,0.957491462155894,0.1962212963600256,2.7474141650357313,2.355187445199525,0.9944867119263013,0.41716023216697784,2.29173605555313,2.227398904426014,1.0886460290062892,0.5555329207119744,2.0392933777143147,2.193483514169905,"{'knu': [-0.032999999821186066, -0.15299999713897705, -0.21699999272823334], 'mimic': [-0.032999999821186066, -0.15299999713897705, -0.21699999272823334]}"
sn_f0_s43,True,0.0,0.8448130419715827,0.8260985514689416,0.7763133009513434,0.793644550943766,0.7432238109561629,0.7804458315531808,0.4818370038934322,-0.2581308,-0.2727992,1.161302868296281,0.26488661477141917,2.690472995670601,2.2637631668738174,1.1742411396166532,0.506413894535166,2.1957939997251437,2.087298488342386,1.2520693172307023,0.6620220373847256,1.9329670154172682,2.045046879176212,"{'knu': [0.05000000074505806, -0.07100000232458115, -0.13500000536441803], 'mimic': [0.05000000074505806, -0.07100000232458115, -0.13500000536441803]}"
sn_f0_s44,True,0.0,0.8417624562035881,0.8275632050862997,0.7748528726164783,0.7931639144016212,0.7421201730565717,0.7783017403448041,0.5309178687371083,-0.33434337,-0.2456996,0.9055032542745425,0.16982183750468283,2.7077033847852516,2.306101329019543,0.9588174569424255,0.3900323082468457,2.2490319061192623,2.1216817999769915,1.0459496895206313,0.5407335068118622,1.9883649244398867,2.0798686260019523,"{'knu': [0.0430000014603138, -0.07999999821186066, -0.14399999380111694], 'mimic': [0.0430000014603138, -0.07999999821186066, -0.14399999380111694]}"
